id,new_boxes
r_e806e2a17836c38ee9b6c4ba,"[[533.4488, 117.5395, 638.4962, 164.0402]]"
r_0b1da6d014043988b66bdfff,"[[308.2633, 248.847, 412.7778, 351.62]]"
r_ad21f941c416e7b8897199b1,"[[314.9978, 294.03, 371.1511, 345.3295]]"
r_0c79e83fab85f6d177221535,"[[0.0, 231.3152, 31.0695, 268.3583]]"
r_5d84e7cde2e1654fe75c1c1d,"[[39.0818, 271.6874, 72.221, 305.7005], [308.0127, 0.524, 382.641, 46.541]]"
r_fc937f796965cb895a220004,"[[0.0, 391.5573, 65.0599, 455.0305]]"
r_db5f6433c0c516c8d448f682,"[[272.1321, 288.9041, 300.2894, 317.0219]]"
r_7a3e8230d1b5de4afc5b2fbf,"[[263.2226, 257.6358, 350.6571, 331.2235]]"
r_619abd0812bb4ad28117cc6e,"[[548.552, 381.1787, 600.4163, 424.6067], [293.8301, 253.044, 340.4264, 297.0494], [301.2203, 247.4465, 344.7009, 289.1851], [439.243, 386.0378, 475.3411, 421.5425], [473.7347, 427.9873, 507.5279, 463.1333], [167.3328, 304.7645, 199.0651, 337.1704]]"
r_18669128fa1e3f7c86c7e26c,"[[294.7644, 296.6499, 364.4133, 372.5429]]"
r_813507e8a8f5ddb0e0077fdc,"[[262.9854, 232.1055, 309.4541, 278.256]]"
r_e3b5a76dd7cab5037014368d,"[[603.2911, 365.2605, 640.0, 422.8935], [162.622, 533.6412, 322.7482, 640.0]]"
r_26d7fd4507902ce46c05abf1,"[[295.0321, 276.71, 335.2421, 315.7148]]"
r_47f07f43c8b001b85d5e6b25,"[[518.678, 6.0281, 565.9241, 49.166]]"
r_1cdbb846f78a6b7c3b8ef194,"[[190.6582, 183.3943, 411.4504, 388.196]]"
r_ce472d80ac841ebd6111e1cb,"[[369.9916, 414.6729, 400.9884, 445.0397]]"
r_c944b6ecd3cf1bac329e0298,"[[292.7351, 249.0384, 370.2148, 335.5623]]"
r_014c010354447e86caa1f95f,"[[289.2376, 279.6038, 409.0794, 393.8997]]"
r_482bdc9d1ca50fc4425262ad,"[[304.1898, 274.2744, 342.8302, 311.4738]]"
r_764eb0e27eefbc20d15d66cd,"[[109.3186, 418.8209, 157.1547, 464.2031], [306.5098, 426.1632, 376.6833, 510.0221], [362.4842, 433.1857, 416.1423, 517.058]]"
r_6229aa53b09d900343d8f0f7,"[[288.5506, 103.3292, 392.1994, 178.368]]"
r_c4257d3d9a83b9abd6bdeb44,"[[264.363, 261.078, 409.1266, 351.3028]]"
r_4b914bd1975e43a3ac77e28a,"[[248.0511, 265.5523, 344.3346, 362.902]]"
r_4c4acd5a6d30742cbdcd60a1,"[[282.8588, 285.4193, 474.6013, 427.9977]]"
r_5dfca7581b34194f9c69dbc0,"[[332.1839, 316.1862, 376.0455, 359.7579], [219.802, 266.1403, 258.6895, 316.2249], [333.6839, 410.5544, 372.4143, 450.4722]]"
r_d086a365dcac93c71df8a766,"[[410.6732, 242.1401, 475.5809, 300.9082]]"
r_1e806b08c8f1676073b61481,"[[180.577, 153.7557, 282.4507, 258.7155], [212.8596, 342.2833, 254.0758, 384.2698], [440.6449, 272.8926, 504.0384, 322.7024], [368.246, 257.6015, 401.5306, 292.3264], [2.6694, 313.6016, 87.6242, 405.4716]]"
r_94d06a3bb9196e186898316a,"[[78.1086, 123.9842, 113.0938, 166.9092]]"
r_f0f94ebca60606353d916e24,"[[274.4453, 335.395, 332.9145, 378.2133]]"
r_5e0494523b73c97aa3506dcd,"[[77.5342, 246.5126, 530.5984, 358.5517]]"
r_b01d73bd30a4a392cc3b7784,"[[519.8184, 491.6224, 583.9074, 628.4964]]"
r_fd6d36bcebbafebffc5ce8fa,"[[302.4524, 316.9642, 336.4654, 350.641]]"
r_a1bcc6c68236cde0b77848cc,"[[350.0008, 411.2981, 526.2617, 615.1564]]"
r_7057fad7c737ead4bd2b90ef,"[[497.8675, 164.5194, 538.251, 211.2176], [279.486, 265.5128, 326.3026, 309.4106]]"
r_6d7468270364928df32a4887,"[[314.2182, 232.3296, 487.5438, 328.9933]]"
r_010751e111c6a3ba43b262fa,"[[287.5851, 287.4473, 351.8639, 335.6099]]"
r_62223791a3165f762ad9d5de,"[[270.3548, 327.5517, 306.8543, 368.0876]]"
r_efb2ef80b2599c2921ba9667,"[[305.7299, 335.0011, 331.8304, 365.9871]]"
r_f7f92abc0202a4f072c69022,"[[480.0652, 296.3728, 537.3129, 355.0533]]"
r_d2180f278034590d36dfd382,"[[319.0984, 335.2122, 356.2674, 372.5516]]"
r_20f7e05d3d679f258ed45d4e,"[[216.4819, 183.816, 388.4271, 442.8791]]"
r_96fb723d966235b1c38e0ed5,"[[298.5261, 263.143, 397.1154, 352.1226]]"
r_2abe0d14e2f2d9706350c4e8,"[[243.489, 276.9548, 352.1732, 346.517]]"
r_2f324fad85289047db7840b9,"[[157.9866, 330.8579, 186.1106, 361.2034]]"
r_0ff821453418993e59212664,"[[311.3509, 271.3588, 372.0079, 346.5985]]"
r_3d22bafb1d767ff7b30c5226,"[[315.8657, 315.6024, 380.6837, 365.3674]]"
r_ed3af9924e34363e312d460c,"[[238.883, 269.0845, 397.5554, 424.9673]]"
r_be5498b4f2c52f66f2470c94,"[[291.0499, 286.1354, 316.1694, 311.1681]]"
r_9886dc89feb958f265d00836,"[[230.5716, 322.5509, 273.5606, 365.2129], [295.8766, 461.3468, 324.8706, 500.8486], [537.8839, 461.1644, 588.9048, 524.4341]]"
r_0a328feb740a1e10e05e976d,"[[332.4398, 325.5034, 366.8875, 355.2326]]"
r_5ec6f5b59353d1a6a905a08c,"[[236.1533, 257.9542, 339.9938, 357.5867]]"
r_23fb4912297729dd58123e1b,"[[301.3077, 291.9808, 351.0343, 336.7135]]"
r_6e1485822e48d96372e8ca28,"[[324.6787, 189.3887, 375.6287, 330.1863]]"
r_62c1aa4979292f10bf719323,"[[254.2041, 306.5469, 354.0194, 419.3034]]"
r_0dac857d002cd8c5d16e3662,"[[605.603, 332.3509, 632.1806, 362.4297]]"
r_0811eead59357bb813aa24d8,"[[414.2093, 193.2688, 441.6036, 219.4837]]"
r_ccd5341b6d5ed84ebd50f4dd,"[[278.0845, 287.8103, 316.974, 321.7136]]"
r_a0a647c673c56ecbeb89f83c,"[[131.2127, 447.3943, 167.8741, 479.3342]]"
r_04725a966e96a05f289fcfd5,"[[473.8152, 254.6064, 514.2414, 293.5142], [200.0397, 565.7818, 228.9012, 595.181]]"
r_eef9f0db41a0fa4c306e894f,"[[238.3108, 214.3585, 278.0299, 267.5547]]"
r_fbc44bfc7d030cee6f1d8974,"[[291.1085, 253.386, 398.0137, 353.4478], [292.8032, 237.924, 484.1171, 405.4045]]"
r_a9a996970e1876fbee610508,"[[295.9724, 282.108, 321.9565, 310.7233]]"
r_7a2f50a8ef4af2f57693844c,"[[7.906, 27.3907, 60.4715, 82.6666]]"
r_39755b82bca9c98ca1bfc18e,"[[266.6156, 279.4769, 305.2305, 317.9442]]"
r_9eab2c0cf5035232495972ba,"[[291.3053, 240.8588, 353.5799, 330.5698]]"
r_50d5664dfce037e8a82315d1,"[[324.2946, 320.8514, 353.9112, 359.3551]]"
r_9d398052ac64b2d528bf539c,"[[332.9193, 317.8452, 372.5584, 354.1654], [242.327, 535.5029, 304.0208, 596.2999]]"
r_5a6908f6cdb2350b6c6a161c,"[[417.8029, 299.7038, 458.7427, 342.397]]"
r_27086b943895355644f421c0,"[[283.5261, 274.4001, 353.4483, 334.4222]]"
r_4ce6a7743da5720acc8c8e1c,"[[316.6673, 270.2315, 346.0284, 300.3195]]"
r_686773a508e94c289bab192d,"[[316.5127, 220.6899, 384.8019, 283.869], [273.8669, 292.492, 307.0807, 323.4003], [90.3776, 309.5768, 233.5179, 501.326]]"
r_8f37e366a4a9284434f3de2a,"[[197.833, 297.7636, 351.8112, 357.4487]]"
r_9ef0e940a765656e4b25bc0a,"[[247.0703, 386.5449, 300.6893, 436.5583], [295.994, 373.3926, 388.9185, 463.2004], [584.6385, 440.5745, 619.5926, 466.7485]]"
r_066e9c2d90f2e9f32afbc7cf,"[[262.775, 225.3127, 388.5109, 354.6761]]"
r_d59223758f6791efde3f0a85,"[[301.3182, 365.7299, 332.8592, 397.3435]]"
r_5faef3554232a576d0ff2885,"[[378.0752, 314.9969, 426.8252, 370.19]]"
r_4a7a3ee2250de7e0ebdab001,"[[291.4804, 332.6933, 318.1111, 361.942]]"
r_a3295ff9f0aa9302378e1f7f,"[[279.2735, 315.4098, 331.6467, 371.7291]]"
r_398bb4c9c95f79bdc3f7dbd9,"[[277.1752, 280.2422, 315.1157, 315.0759]]"
r_217ae73b325f24aa657cd01d,"[[290.5421, 297.4876, 374.9651, 403.5081]]"
r_1f987bdff03391c6bd88aee4,"[[62.6774, 280.4561, 439.3236, 510.8575]]"
r_0808570ffc61ab3a9c801f63,"[[515.5296, 491.65, 555.5453, 545.215]]"
r_b30753bda2dbcc3cfc56e1b7,"[[308.1974, 273.1502, 333.6978, 299.642]]"
r_380a241c77f2a74a4bae4379,"[[92.416, 579.6306, 127.2022, 622.3652]]"
r_d99b3ad2329f49667675b549,"[[273.1767, 283.2326, 321.1032, 345.0534], [512.1824, 511.2259, 544.8169, 542.1204], [443.431, 273.386, 475.9694, 305.3818], [366.8214, 290.5704, 394.606, 316.034], [304.7639, 541.6077, 361.8394, 602.7888]]"
r_c56741fe72498ff5cf65347d,"[[274.0605, 284.7758, 344.0121, 352.4033]]"
r_f83c8bd954e2a84355ecbbdb,"[[424.4005, 233.6043, 472.0674, 287.4621], [469.0426, 468.9454, 507.3177, 508.0655]]"
r_b5117a498f6d69a736d9ca32,"[[275.9819, 411.2732, 311.5385, 445.0665], [399.3679, 295.8624, 522.4869, 511.6214]]"
r_6c7db8bcab32f821f0757999,"[[282.0905, 282.6577, 336.0254, 332.4608]]"
r_e4bf8e62c8313e72e8a11788,"[[114.9145, 441.5668, 142.1793, 473.2385]]"
r_d49b44163c86250d91d79fae,"[[361.3429, 278.2164, 395.8648, 305.0189]]"
r_888a0167fbac537e6409518d,"[[215.7282, 246.1837, 332.5918, 351.0231]]"
r_cc07c1c4c4e2d0c311a14f4d,"[[298.4343, 297.4845, 369.0377, 342.4473]]"
r_ff29c63f5bc1260b6720288e,"[[278.4908, 276.403, 326.4484, 317.2788]]"
r_4bd24dbc39943907e11a1207,"[[233.0425, 154.3628, 269.6814, 196.9927]]"
r_12fcc01dde7db7becd412513,"[[281.6036, 279.355, 353.5274, 340.3817]]"
r_54895b87a2b8065bd6fae834,"[[368.5788, 202.8641, 471.5046, 314.7864]]"
r_f6d244d60409b0a62e0e98ea,"[[498.8916, 428.061, 529.7065, 458.4965], [312.0347, 233.7853, 346.3374, 310.5017], [333.9629, 330.594, 361.3437, 357.2617]]"
r_3305a597ce1d97dd1cbbd882,"[[293.8882, 326.397, 344.7189, 377.913]]"
r_72816dba20eaebbf6016b678,"[[330.299, 300.1767, 360.909, 330.0128]]"
r_f779048fbe161f636d566fc6,"[[316.3405, 321.6251, 362.4025, 366.6884], [322.217, 245.5254, 571.0616, 504.1293]]"
r_c713087ffe9a50fbda53157c,"[[188.6074, 240.353, 226.0928, 280.6557]]"
r_8d0d0a2191549c40a5de574e,"[[349.3009, 314.2475, 393.6491, 355.2027]]"
r_daea8b6f6fdad3c1a7f383b1,"[[316.7733, 280.0375, 380.5621, 331.4297]]"
r_d8e3675cfeafc4c238dad54a,"[[265.9587, 271.4918, 311.5385, 315.6078]]"
r_b2884886276bb6e0e5ad12e5,"[[348.9066, 174.5009, 387.4144, 213.7612]]"
r_90d87ec130018ad8b95a145b,"[[358.4459, 15.1798, 388.2901, 41.6284]]"
r_a8132f9d23acfdcdc5163ee9,"[[262.2455, 74.5197, 295.5513, 102.8276], [254.1983, 232.0259, 339.4145, 353.9522], [182.5504, 139.7721, 220.0468, 174.9461]]"
r_8689b654093755b750ba589e,"[[130.0506, 422.6223, 153.5562, 448.6208]]"
r_4154775d21d1458df7786175,"[[134.2692, 221.35, 460.0702, 418.7122]]"
r_768949d0c2598a6919ad46b4,"[[186.7749, 183.0675, 485.3665, 524.82]]"
r_eaabca23ce919f0fd8bab924,"[[274.3146, 295.6165, 318.8983, 342.853]]"
r_9d0cf5343eee1ff399107a0e,"[[291.5735, 306.7014, 404.2687, 416.8392]]"
r_3e54051716c4745630f82be9,"[[575.2899, 421.2672, 616.0525, 454.9584], [464.1463, 432.1106, 494.2877, 465.4075], [275.6965, 266.4266, 313.094, 305.8898], [347.1584, 440.5933, 388.6963, 481.1765]]"
r_0864016fa8465c67fc6089e5,"[[268.015, 431.8467, 322.2561, 505.5561]]"
r_58188e38741a98c7fa8a2b3f,"[[298.8513, 277.9102, 338.9522, 319.0908]]"
r_339fcea07e9fe3caefad8906,"[[337.694, 339.4931, 368.1063, 367.8327], [341.7704, 378.7134, 421.7563, 486.5994]]"
r_dd8682d7c07dfa74f8db8b67,"[[258.5015, 271.4591, 408.9187, 412.2932]]"
r_216f3f95ba55e5f20fb53dee,"[[269.7319, 300.0509, 347.9169, 385.5805], [223.6033, 203.2516, 280.4139, 277.6382]]"
r_38e94b1debe8fe1431c8da45,"[[322.2976, 274.6349, 358.9578, 323.582]]"
r_0792b4271f25d5f0ef4446d5,"[[272.4093, 301.6414, 303.9614, 332.7307], [122.0293, 469.9254, 157.2395, 501.8097]]"
r_9a878b2a545c27fd1fe7a903,"[[260.7418, 265.2283, 315.6514, 329.6971]]"
r_070165d153b1df77579a6cfc,"[[273.3934, 289.1729, 311.8107, 327.394]]"
r_48f21b922cba57a53b6168d8,"[[394.9954, 339.4525, 443.5822, 383.1749]]"
r_2a67c150cc6573474205506f,"[[119.6026, 588.3198, 158.1535, 627.5798]]"
r_77be6919ad48b2e0e773c6f7,"[[552.6926, 310.7448, 589.5886, 349.1466], [261.856, 233.7223, 383.1736, 313.4667]]"
r_9832c20602fefd9831b4802c,"[[283.7745, 308.7665, 315.9337, 344.3286], [285.1167, 308.2039, 314.8777, 343.6122]]"
r_cc9675fff068eea0b7769327,"[[232.0494, 295.6125, 277.8327, 339.3067]]"
r_89711afa88c6cbf06eea8694,"[[294.1193, 270.8796, 363.1762, 342.7235]]"
r_aae746b873f7b059ca7b46de,"[[300.1643, 271.5974, 331.1662, 302.9968]]"
r_af73e0d41033fa24b33a98da,"[[120.0426, 21.2632, 168.0885, 60.626], [430.0687, 73.4134, 490.0769, 141.262], [236.853, 319.6147, 375.5579, 442.6537]]"
r_879bbcecf66cbd3e55942e9a,"[[321.0428, 181.117, 349.5719, 212.6017]]"
r_d0a28f9d03fbff6275a45abd,"[[492.7329, 385.0425, 523.4343, 416.695]]"
r_9d3c92479d751dce618e241c,"[[234.2456, 592.6485, 273.1753, 628.8413]]"
r_2e01667999fbde5c4c18a830,"[[245.5965, 251.3059, 411.1137, 378.4083], [274.0973, 256.2611, 408.0521, 331.0387]]"
r_6e0a605d7d5e1f3205022328,"[[281.9189, 320.7498, 318.5788, 353.428]]"
r_da63221115a8336580df1890,"[[64.6706, 412.4069, 136.2004, 470.2655]]"
r_75cdfcf8d7317964ec0de50e,[]
r_7e5f672243c0136f3c939b9c,"[[231.5262, 495.4551, 265.5199, 530.9218]]"
r_5c4a53de7daa92e245a9da40,"[[120.1053, 174.6917, 489.8122, 361.1069]]"
r_ec93dca9aff616608236d0ed,"[[502.467, 260.4495, 532.8895, 289.9212], [277.5752, 212.0128, 303.7666, 239.443]]"
r_a75dfc58b972c3b534623625,"[[554.1263, 399.604, 611.87, 440.0183]]"
r_86f5fa8de3973dddf8649a51,"[[95.26, 544.9446, 140.7384, 586.6709], [276.9525, 516.2609, 312.061, 547.709], [0.0, 570.8049, 79.7975, 640.0]]"
r_d563ffc8978b9653166117a6,"[[109.9284, 288.09, 208.2574, 359.93]]"
r_4c289bfb0289a60394660a5b,"[[294.2652, 322.699, 337.8405, 378.6133]]"
r_25717383ef837aebcae7b075,"[[302.5828, 314.8038, 372.4896, 379.3182], [250.0924, 7.0242, 282.8401, 41.254]]"
r_e06c32cb82575c55cadf842f,"[[195.4646, 248.7571, 291.4326, 291.5794]]"
r_2688455539d638d95c0a0a8e,"[[266.6744, 226.1423, 330.7531, 302.209]]"
r_448d3cb7ff9458e33c54e080,"[[43.9364, 523.3371, 79.0606, 557.9799], [475.835, 590.3449, 504.3096, 617.2565], [473.8153, 587.735, 507.2639, 619.9887]]"
r_3a5de99df922221afd532d96,"[[418.5752, 390.1561, 448.4454, 419.9337]]"
r_96e185f29237033cdc0bafee,"[[564.4633, 360.8552, 640.0, 425.0534]]"
r_0a20af9f73e67bec7414336e,"[[253.7127, 289.1491, 319.4389, 351.4816]]"
r_8614890ef0c170e9a2687d83,"[[277.7906, 300.4471, 373.0767, 353.6202]]"
r_9024effd6e031abf6ec4cae6,"[[268.5776, 288.2697, 314.9797, 337.2859]]"
r_d9b02d1c6d3a8d8150f95709,"[[177.8879, 298.7438, 214.5565, 330.7845]]"
r_2e9752dd012e21e4518ab78b,"[[198.3545, 339.954, 225.5204, 376.6786]]"
r_32c46c24086fb4b6d2869fb9,"[[269.2889, 267.1819, 310.7783, 305.3815]]"
r_76551ce1628ef3dae86766d4,"[[353.3659, 287.274, 411.9648, 340.0734]]"
r_4dc864acd64924d651a38b0e,"[[135.8264, 135.9437, 199.626, 190.1882]]"
r_3519ec2c11cc49c9f3210ca4,"[[258.5838, 422.6165, 320.8529, 481.823], [498.1917, 159.7047, 545.6699, 205.4135], [552.6855, 444.0765, 606.8669, 484.2213], [503.1476, 505.1084, 542.1044, 538.7612], [274.025, 272.9385, 316.5582, 326.5855], [140.2022, 135.206, 172.1897, 164.7725], [501.9249, 504.6336, 543.0128, 538.7643]]"
r_61fb9ffa03da320338cbd81a,"[[326.3975, 75.6754, 356.8423, 110.0059], [310.5322, 162.9956, 337.5348, 195.6022], [326.7727, 75.7016, 355.8814, 109.4685]]"
r_4315d4a8d1c175a9ad4bd872,"[[200.0766, 225.9414, 359.0852, 387.3107]]"
r_ba52700aab2e06c6522433a0,"[[219.6513, 201.7793, 259.8441, 254.2943]]"
r_35c7c20e4540532345acfae9,"[[509.6652, 291.9581, 545.1823, 326.3031], [155.2014, 0.8293, 219.454, 49.8212]]"
r_db86e356f76212beeeb74766,"[[269.2959, 284.2327, 324.257, 352.8973]]"
r_2410c5d4ec058fb7305cc78d,"[[269.8901, 336.4674, 297.8159, 369.1344]]"
r_77aba9202bb1d49c921bad06,"[[90.4963, 358.2636, 133.533, 404.9091], [513.2138, 531.8823, 556.3552, 575.7754], [187.3108, 329.1624, 347.3037, 557.4799], [197.4026, 251.2328, 245.8501, 296.6352], [49.2764, 506.9317, 136.6343, 634.4022]]"
r_fa21df09e9a4950a5eae3a34,"[[413.1165, 518.505, 447.231, 554.9373], [330.1314, 397.0267, 362.2784, 431.8753], [411.7645, 102.1611, 444.0678, 133.0548], [256.2689, 321.3647, 333.2994, 419.4612]]"
r_dd743d19bfea82a8062fca1c,"[[304.8718, 282.9494, 326.4495, 307.027]]"
r_d40adb6fed01b070b02e5097,"[[469.9507, 478.3842, 515.9524, 521.1942], [292.1787, 300.0083, 326.2392, 339.1806], [179.3921, 443.0526, 212.0592, 476.2318], [522.5395, 388.0978, 639.3206, 514.3756], [300.3098, 519.9202, 332.6315, 547.972]]"
r_2f44ede9d2041aa65a6b4176,"[[312.6996, 331.0148, 361.6754, 377.8115]]"
r_818d5f063c762cee73b7b071,"[[536.0873, 146.2, 559.2646, 171.4772]]"
r_febe6cd3253dafb7d7ab3b49,"[[312.5836, 305.659, 371.8116, 356.8025]]"
r_577e1edccff31449a53e2986,"[[262.6909, 317.6433, 335.5886, 399.4376]]"
r_58d2560996f5534af047458f,"[[322.598, 330.701, 363.3814, 380.6885]]"
r_d7293fdf9a81e689c31e05c5,"[[283.7889, 315.5663, 339.1972, 354.4425], [142.4977, 429.7559, 177.6261, 461.9982], [580.8647, 532.9043, 607.0037, 563.825]]"
r_d39dbe6dfdaf03ff120bac1b,"[[2.0217, 186.2653, 33.5376, 231.3377]]"
r_dbb08cedf863606a04039325,"[[259.2475, 295.1211, 308.7932, 378.0005]]"
r_2a9f71197826c90b90924fb1,"[[464.0526, 175.8747, 490.9435, 205.1027]]"
r_df8010f614433ad38fa3fbb4,"[[273.5004, 367.3101, 307.1854, 402.225], [567.9256, 506.2704, 595.5268, 538.1912], [141.8162, 360.3249, 181.9978, 392.9872], [266.1455, 320.9482, 310.249, 368.1427], [371.1986, 290.5924, 397.1626, 316.4102]]"
r_3d79827d10eb3b6be1d1e50a,"[[155.6741, 220.5443, 365.2118, 413.2383]]"
r_1e70cabbb45f28f31e04fe9e,"[[281.2601, 219.951, 416.8284, 358.2283], [285.807, 285.3017, 375.3222, 356.6193]]"
r_3ee27150fc4bc176fd8ac7f8,"[[97.0036, 410.8977, 134.7639, 451.2712], [294.8537, 362.5166, 325.6406, 392.5161], [0.0, 468.735, 81.4121, 566.6955]]"
r_1d7398fff3fcab303e93ed4d,"[[277.1704, 306.0049, 334.6466, 345.6065]]"
r_c42d84735a01bd0da7e5e20c,"[[274.9774, 385.6599, 308.1695, 422.9209], [502.3237, 525.1106, 545.3379, 566.6548], [484.1726, 391.6368, 515.8119, 426.7865], [20.3982, 563.8491, 50.8792, 599.3192], [581.539, 375.1712, 616.3707, 409.151], [442.2288, 58.0647, 477.1118, 96.2365], [513.6969, 0.0, 546.4319, 22.8359], [579.9521, 124.6772, 610.843, 160.4738]]"
r_256ab089a30d401cdb403da2,"[[423.5733, 334.5037, 573.8606, 418.2433]]"
r_d3b42d0695a0321f38eadb82,"[[296.4028, 301.1633, 355.1077, 356.7806]]"
r_71afa417d85a8dad9c028098,"[[139.3449, 218.4327, 184.4686, 263.915]]"
r_b98e8976202b82849dc697b8,"[[42.4466, 307.4157, 79.1439, 341.5243]]"
r_bd4a10f23823713f3c162527,"[[474.8773, 204.2289, 515.0911, 240.0024]]"
r_ad0669e1107d7d7dcc012c50,"[[336.7411, 0.0, 366.5848, 19.5911]]"
r_173017f1f612901b439d060f,"[[316.5797, 287.6259, 390.7143, 351.9741]]"
r_7ab97a6da2bd32f6681482cc,"[[565.4945, 240.3182, 620.3513, 300.7099]]"
r_92d7c7aafcd50dc26ac991f6,"[[255.3007, 249.0598, 346.0913, 352.309], [174.3647, 31.9682, 217.1222, 72.3567], [202.9209, 5.765, 235.528, 37.938], [255.2297, 362.3451, 284.558, 397.2682]]"
r_56cf624a93a39bcae0629fb9,"[[200.5344, 516.8174, 238.7377, 554.8553], [307.8708, 324.4273, 349.1303, 363.4392], [80.814, 466.0886, 114.0665, 501.1924]]"
r_43ec17d9943eddbfe6f2bc0f,"[[492.9089, 316.942, 536.2759, 366.404], [348.0203, 563.2874, 384.6205, 599.2464], [226.9193, 288.2481, 265.3534, 322.7181], [435.8064, 332.6735, 477.5997, 382.3097], [575.1299, 255.4095, 613.5233, 298.5442]]"
r_858325949475b2542e03524f,"[[1.3722, 3.5983, 23.2963, 32.7826]]"
r_e99a6bb83260bdc2a7cc5e97,"[[323.9556, 552.4158, 369.7123, 598.2903], [475.2008, 129.4336, 508.8164, 163.2238]]"
r_069a092c26c52b629a796abe,"[[245.7002, 0.0, 440.1635, 73.8913]]"
r_3d8eee1f31b114fd1eb3dfef,"[[314.0559, 283.3622, 425.7981, 412.7679], [458.9963, 610.0402, 490.7721, 638.3506]]"
r_582e1481678b77a080fb8137,"[[230.1484, 601.0407, 266.5098, 637.7776]]"
r_1df868cfbb6b74cec9c342a0,"[[231.5387, 223.8437, 427.0531, 402.1568]]"
r_619b29543c93e60e81783209,"[[384.9757, 330.0558, 420.001, 367.7285], [239.0066, 222.9627, 340.2739, 435.4013], [552.9734, 510.593, 638.865, 638.4098]]"
r_dc27ffcba767f07cf32ded98,"[[320.9056, 289.5105, 349.6699, 320.5896]]"
r_c72b66a7b157330b279ae61c,"[[257.5418, 272.9313, 311.8328, 352.818]]"
r_dbaeb6ef8dd78121a193f6fe,"[[286.4063, 280.0313, 351.7015, 353.9878]]"
r_ac7a2253a1a1d9768655c91a,"[[309.3686, 325.9851, 379.3536, 382.3565]]"
r_59e47d0db839bbb53726c73d,"[[271.8812, 193.4137, 305.8206, 232.4004]]"
r_ed65b128d3a6d42bef8cf9ac,"[[268.9321, 219.9805, 421.959, 387.9123]]"
r_f945e606048fbd96b7d117cc,"[[285.8183, 315.5054, 373.9993, 371.8157]]"
r_a8127c90b07d4d09b56a2658,"[[180.4304, 247.346, 418.841, 383.658]]"
r_66a259f021fa6af94a5e94f3,"[[269.246, 389.6649, 296.3858, 420.2782]]"
r_14b06d8754d70835015d2d04,"[[333.6963, 330.1256, 368.9735, 360.2792]]"
r_5fbb28eac633aecff30fdc80,"[[311.2888, 326.0138, 365.8947, 366.7949]]"
r_787267e35a6e786d3f34edd3,"[[326.6639, 322.9105, 383.2887, 391.153]]"
r_60ee6a1b7b84f70121c88ba5,"[[289.1545, 288.0894, 344.7387, 340.9065]]"
r_97e8c99a152d3af0ab978405,"[[489.2995, 194.5247, 551.0791, 237.082]]"
r_1056593a689658ec9cd79eea,"[[291.2932, 324.027, 344.7193, 371.2006]]"
r_b49aca9f4ef5eb6756ec6b35,"[[166.2004, 322.3708, 361.7438, 392.5428]]"
r_ba58cd742a9ef9c84ef18742,"[[348.5639, 153.5728, 448.7434, 274.5951], [201.3833, 262.1062, 300.0893, 383.1173]]"
r_8910a1d3bfa7bd5bf672e30b,"[[334.7371, 318.7219, 366.5529, 351.2224]]"
r_fd882e4f451e85d303ab14bc,"[[146.17, 387.4637, 177.2231, 418.7755], [449.4315, 345.8092, 475.5102, 374.8011], [358.8423, 338.497, 391.798, 372.0286]]"
r_0adce488651db8776d81fabc,"[[280.7704, 372.5058, 323.1342, 405.4695]]"
r_6dba887b82dff70893b17f46,"[[103.5873, 485.2124, 143.4951, 529.1526], [321.5015, 332.4355, 359.513, 388.799], [53.47, 265.3166, 86.8397, 303.6687], [265.104, 235.4005, 297.3362, 271.2917]]"
r_273edcf633efcb065116fed4,"[[256.6773, 260.0945, 366.9016, 378.9041]]"
r_71c712024c9c5d6a261ee23d,"[[5.9581, 226.2845, 49.6224, 266.7223]]"
r_31acfb25c4815165d41cb769,"[[250.2516, 274.5442, 364.656, 450.5279]]"
r_2441dea0a14e31aed4f7d06f,"[[246.346, 304.4448, 336.1999, 355.662], [407.9904, 342.5018, 436.0582, 371.685]]"
r_4617e6c67d409728c0661ce2,"[[470.7458, 0.0, 500.9015, 17.2103]]"
r_2137aea27295c1c34c66a5a1,"[[330.3418, 269.1555, 367.2781, 306.4671]]"
r_3bec76dd79737e67559cdf9c,"[[412.9571, 309.821, 452.5215, 357.8169], [273.0696, 126.9681, 329.9842, 193.2937], [104.4571, 173.1082, 136.4126, 205.0211], [234.2805, 215.119, 276.5479, 255.9699]]"
r_e8692c138a944193176f7285,"[[295.6062, 284.7411, 361.5815, 415.677]]"
r_989c9c60c1ef2865e6195be6,"[[309.7158, 325.3952, 343.2675, 360.6853]]"
r_0e8a2259f12ad3c6520d8c7d,"[[591.6665, 150.9352, 634.5585, 194.7643]]"
r_657de660bcb1246d70857610,"[[156.3522, 337.0526, 195.599, 375.4366]]"
r_6f1beed43788f6492e14047e,"[[333.4496, 327.7491, 359.7372, 354.5091]]"
r_c080aa0f5f87c207916b46dd,"[[322.9665, 297.5266, 379.0341, 355.9021], [237.1362, 265.1707, 274.5835, 306.1188], [237.3331, 430.9069, 281.1919, 474.5775]]"
r_81395538ddf05f4c58a11e13,"[[237.2362, 286.9843, 331.7727, 362.7442]]"
r_814284f037bcbd7bcd7665c4,"[[323.4351, 324.2611, 370.1681, 369.5705], [39.7831, 280.4058, 70.2438, 306.0269], [456.2283, 508.8508, 481.9147, 537.3427], [290.1143, 135.4997, 318.1482, 162.9997]]"
r_6b387a9ffaad4512a5a29d8b,"[[293.9894, 274.9192, 325.6631, 316.9434]]"
r_2adc78cc90757aec1eccec18,"[[286.0416, 265.5773, 378.2917, 333.9669]]"
r_e9fde89575929b38df6ebeab,"[[339.4457, 245.3088, 362.6494, 272.438]]"
r_587d300521fbbaa985a5b908,"[[272.0522, 314.0988, 336.1587, 351.9098]]"
r_ac44109ec74bf334fa60215b,"[[310.6823, 279.2243, 345.6738, 313.3362]]"
r_32b166f29e1082b81d464497,"[[3.3082, 548.3665, 107.0959, 640.0]]"
r_1a665c18be55d16d10ca0c29,"[[273.1753, 345.6074, 300.9222, 378.1045]]"
r_18ada8befac296ace2ea77db,"[[529.4908, 569.6814, 570.21, 607.5733]]"
r_171c31812318b04166d18008,"[[262.1544, 276.0136, 317.7687, 335.0741]]"
r_90837407b3bbcad2bd752304,"[[236.1269, 207.3791, 412.3851, 412.7524]]"
r_a713c5688ebac7aac4968539,"[[330.0754, 311.2245, 362.3119, 385.0833]]"
r_c2d0ccf65b157830bd840e0b,"[[269.0407, 261.9913, 305.2029, 300.7002]]"
r_4d90d2110ca66bcb37083526,"[[373.3211, 566.433, 399.091, 592.9028]]"
r_633267ea82527d80fc9fa4c4,"[[320.4982, 290.8292, 348.7424, 318.301]]"
r_a1d8433952889641f29ef6dc,"[[132.1733, 117.7727, 170.2454, 155.9257], [271.8326, 212.9148, 403.1628, 305.5095]]"
r_6732f80efef20924e0e8747b,"[[404.2916, 328.948, 457.9991, 391.431]]"
r_a9521727c00e17af5b2f9c60,"[[301.1855, 295.3051, 338.9206, 338.2822], [421.2168, 202.2859, 450.1382, 234.1669], [210.4308, 4.3454, 404.5896, 62.3205], [464.818, 507.1493, 511.1678, 550.8931]]"
r_d193a829660a0fd5357fe6ea,"[[265.218, 252.7725, 354.5016, 371.9866]]"
r_d3d74749479c54c207be38d5,"[[399.6596, 181.8665, 427.3945, 211.6349], [325.2218, 278.0367, 383.3844, 347.1401]]"
r_dc8b1a7ed708fe1bda27dafc,"[[323.1006, 288.3363, 374.7881, 337.3919]]"
r_cda5c166b048ca4c7d3161ca,"[[299.0576, 328.1109, 362.6706, 383.7554]]"
r_602e76b5e3c6b7e0ac4b56b1,"[[244.2039, 346.3056, 307.844, 432.2386], [5.3967, 543.3056, 58.5149, 616.9226], [145.5617, 292.058, 184.4168, 333.1262], [171.8358, 65.4987, 260.6228, 193.6357], [229.5973, 0.1012, 282.9719, 86.4365], [429.8675, 181.8952, 504.8144, 252.1173]]"
r_15c0ae51d941a35397584e8c,"[[230.5227, 244.013, 337.6955, 378.3669]]"
r_1ca64b97d171bde646a8f6ce,"[[299.6846, 291.379, 336.3868, 324.5451]]"
r_06c1950d5c7c65bc0b0542a4,"[[251.2341, 60.7618, 287.8186, 98.8041], [493.3954, 442.5516, 581.8617, 511.5406], [109.2396, 213.3585, 144.5955, 248.255], [504.3599, 277.7096, 544.3183, 315.1274]]"
r_982efe593d731759d0fcad80,"[[470.1501, 408.2035, 501.8044, 441.9801], [471.0771, 407.8467, 500.8778, 438.6259]]"
r_333a56301f39b53dd76cb745,"[[262.4626, 243.8865, 353.6327, 334.7521]]"
r_25ed879a9ec2e1597c8e2238,"[[302.7282, 260.7243, 362.5891, 314.1208]]"
r_27411e07110424158cbf45a7,"[[242.0793, 294.3358, 273.8892, 322.7474]]"
r_ef2d252e2f5649b7946a4dd8,"[[0.0, 427.8452, 38.3201, 470.1869], [286.0987, 297.1885, 363.2848, 361.8247], [208.7577, 358.2135, 253.3726, 398.6021], [0.0, 344.5207, 22.0856, 380.3365]]"
r_9406f17167b303de5b0e1a3e,"[[537.98, 158.9372, 578.6133, 199.3901], [320.1792, 307.9297, 389.5584, 354.6505], [215.1616, 231.9287, 257.74, 261.0612]]"
r_28b8ea67c48864ed0197e54d,"[[311.0654, 282.4847, 331.9284, 311.7504]]"
r_3d4b3988da01cfc6f39274a8,"[[228.8765, 270.0221, 355.7364, 337.3876]]"
r_589c4d0c02a168b38c845c37,"[[579.6027, 461.2366, 612.8585, 495.1045]]"
r_359ac6cacc8ec33d68401f1d,"[[466.352, 446.2011, 500.2614, 472.6389], [434.4078, 193.3015, 462.3202, 219.302], [362.0094, 435.6076, 395.5682, 466.5778]]"
r_c80be214b4f7e0b43c3cd3ce,"[[251.2871, 253.6302, 419.105, 363.8671]]"
r_bd05cbe33364d51aca264e72,"[[284.4637, 267.0784, 324.8142, 309.4699]]"
r_27329948425baf1164388cf6,"[[295.5413, 324.4723, 368.8126, 376.5955]]"
r_46a4bab349e35d1cfdddfedf,"[[245.7831, 565.3852, 287.8176, 607.396], [130.0156, 309.3088, 162.9915, 338.0855]]"
r_52d69489dc7e07fdf7c90c77,"[[260.6163, 306.7992, 317.2264, 395.7974]]"
r_29f24e1072e69f3f1c39e211,"[[63.5685, 52.4003, 94.7813, 93.1298]]"
r_b596e17a15b4c6e72eebf0c3,"[[434.3727, 105.0937, 471.2148, 139.985]]"
r_593ec0913bcdabd2c82a65ee,"[[548.6596, 410.7471, 573.8202, 436.2375]]"
r_8d59df3c7b0e88c7d8f2d37c,"[[319.5898, 295.6196, 357.3026, 333.5963], [508.6354, 347.6976, 563.1418, 414.8785], [338.5926, 363.5811, 410.1426, 421.7352], [128.8542, 422.9036, 168.329, 459.378], [253.0307, 405.708, 302.2563, 451.4992]]"
r_81e134a549402cca38c5a4f8,[]
r_d1af752a12fe7a111f1cf79e,"[[312.0921, 301.9703, 393.872, 395.9479]]"
r_7dbce351c50bdd8ce17bc593,"[[337.5415, 139.8937, 409.5327, 199.6291], [90.3189, 230.7325, 126.8646, 267.8445], [217.6513, 26.987, 302.4911, 87.2078], [457.9236, 326.1328, 485.909, 350.008]]"
r_04c4050183d58f75e4f6de88,"[[363.9142, 260.0324, 397.3629, 299.0128], [242.6602, 355.6054, 282.0952, 395.7918]]"
r_de9c9b41f28c3a3cf8862e07,"[[341.9107, 208.6811, 518.8366, 332.4218], [117.6861, 513.2421, 164.1776, 555.3881]]"
r_90730e15dccebdc756f03a85,"[[360.0755, 314.4965, 388.7661, 339.0836]]"
r_01a046cdd5c86754a1d3438a,"[[286.0077, 271.8993, 369.3882, 356.5676]]"
r_00ac218f988e2ff64e152279,"[[522.018, 528.0429, 550.9885, 557.6676]]"
r_595c6fbb473b9bee21593ad3,"[[308.9281, 265.088, 338.5781, 300.3556]]"
r_6f0d1023c306d7b393ca9253,"[[281.6018, 246.656, 351.575, 324.748]]"
r_b18397b2e66a10affe3be128,"[[298.3488, 284.6536, 363.7141, 348.8662], [436.662, 381.2418, 468.4694, 412.8583]]"
r_23daf9a9dc3983d9b54ab971,"[[270.4449, 281.2537, 313.7987, 323.4024], [22.9462, 390.931, 53.3383, 421.7172]]"
r_4f9464831db8062de89e20a9,"[[222.5949, 223.1159, 294.3551, 308.1288]]"
r_7967b015a3c19bc5d0e46770,"[[255.3319, 282.2376, 337.626, 368.5763]]"
r_78ecbfea2cbcd6ec86cbe0cd,"[[339.7865, 273.9608, 367.7468, 301.5677]]"
r_afc663cf543e2f8e0c89bdc7,"[[547.9623, 221.5136, 620.1056, 346.2846]]"
r_41bf187f35e6d1e9b55c330e,"[[332.6361, 277.9878, 365.0246, 328.404]]"
r_d58f5e5092f40b81979200b5,"[[329.1028, 357.648, 421.7741, 430.8318]]"
r_220cc78ca9fb0a54cee35776,"[[303.0553, 491.5665, 354.3546, 532.8563]]"
r_a80f3d3f5022c9859ed75301,"[[332.6681, 245.802, 389.3477, 355.7302]]"
r_0c30d7fcd6a570d943dfada8,"[[507.1611, 0.0, 640.0, 209.6153]]"
r_dda1e9858d4ffa24a2b1515c,"[[317.8768, 334.7281, 353.6699, 371.5436]]"
r_f882ab93d61c42263ee19d34,"[[240.6502, 246.7145, 435.6746, 390.2438]]"
r_3076016f0fd7c5857207fd9e,"[[286.214, 316.4028, 375.5544, 367.2007]]"
r_de2902e3de287053b6dc75a6,"[[188.4723, 441.9853, 332.312, 640.0], [3.8817, 606.0685, 38.4171, 639.7289]]"
r_d2e407fc4e1bd63005e6face,"[[307.7817, 265.7139, 346.0211, 315.4538]]"
r_3c07fc8eb4af1d1d9101b3e7,"[[431.7935, 541.9585, 469.9633, 581.6999], [75.5886, 19.758, 121.3218, 62.2374], [218.5268, 88.6166, 249.1022, 117.6081], [220.6129, 89.5693, 245.465, 114.5103]]"
r_3f5ad6f39d93fbfb38139771,"[[324.9542, 300.5253, 352.4697, 323.6488]]"
r_348be3b68ac69f6aae1de5cb,"[[259.4461, 258.9674, 327.3022, 341.8074]]"
r_88d858e3f8c98481a01d01da,"[[338.3156, 284.5204, 374.8247, 324.6784]]"
r_9cff8f3ea0102b4da1127b7c,"[[77.961, 109.5434, 117.4492, 155.6439]]"
r_7d6a928799cd4f8890857397,"[[574.6341, 269.38, 619.5128, 311.0321]]"
r_a3d30956ebc92ce7a922d545,"[[270.8049, 265.1308, 326.554, 316.8922]]"
r_919dad02432b69630eb5393c,"[[206.7261, 497.8226, 291.9239, 567.6017], [364.1446, 526.8472, 467.7169, 639.635]]"
r_9f1d53d4ec0e7e5343da26d5,"[[213.3265, 293.4319, 355.75, 394.2642]]"
r_147e316cfeea96fa00b6bb9c,"[[206.0961, 237.5823, 380.2728, 428.5769]]"
r_fd38f105918fea5755392ec0,"[[251.1342, 366.6326, 314.3743, 444.023]]"
r_238cb8c08c5153f791434a62,"[[297.6662, 332.6055, 328.0289, 362.1814]]"
r_f29f48966256444eb985a829,"[[240.2743, 259.5141, 301.3154, 316.1399]]"
r_f2656b339b19f5ac31e23e3c,"[[45.6334, 525.6402, 91.7936, 569.3384], [253.7866, 419.4589, 293.4388, 467.5243], [120.4122, 370.0469, 162.2235, 415.553], [26.5598, 315.0747, 60.3734, 353.4189]]"
r_ca6a603abfcf5658cb774889,"[[314.9977, 282.8876, 366.2321, 336.493]]"
r_4b632083752b709572984b37,"[[299.387, 280.5789, 419.3753, 339.0703]]"
r_f6019b6db24f5a42f0af5e63,"[[163.1185, 302.5688, 455.4242, 402.7971]]"
r_25ffa8cd68bd44ccab9ee725,"[[351.3883, 218.81, 383.266, 254.0686], [303.1818, 335.2074, 364.7599, 391.2961]]"
r_6c60b9db8dc4baa24860dc9d,"[[265.6918, 231.9403, 335.8399, 335.5505]]"
r_5c059449ec399193c67112f6,"[[101.4822, 401.9871, 136.2238, 447.0981], [562.9567, 370.8006, 592.8737, 401.8532]]"
r_561c62653d25c670e56b62fc,"[[279.4449, 245.6572, 340.5431, 318.1137]]"
r_ecf861fcbff12870e4087844,"[[277.3411, 275.0415, 319.1086, 324.0553]]"
r_63b72b868ee9580e42a78ca2,"[[325.7764, 206.373, 365.0678, 240.7249]]"
r_cafd54ad93e576f4ba9614a6,"[[327.1012, 317.3172, 390.8826, 380.6815]]"
r_fc5be9e80645bc22ecf83dd3,"[[470.6999, 228.2235, 499.0882, 256.9351]]"
r_08f07085f1013c36a99feafc,"[[246.2118, 292.3621, 359.1617, 382.7308]]"
r_6f5e3acb0f5a9206143608c2,"[[241.9933, 290.2822, 345.8781, 410.241]]"
r_ec039a3a20f0fbf2e3c7a622,"[[274.6779, 331.5024, 326.3434, 381.4292]]"
r_438e079fbd41c39c6dbc20e1,"[[283.2935, 273.1907, 325.2211, 314.7456], [602.5175, 547.5986, 633.9399, 578.6632], [603.0572, 549.87, 632.3629, 574.3366]]"
r_3e15974609fd4b1ad5d7678f,"[[300.184, 287.2892, 362.2653, 365.7969]]"
r_c89d7bde90527bee62c8323d,"[[47.4223, 176.4492, 86.9363, 220.4165]]"
r_60be9f16569bea7e423fec40,"[[44.1059, 177.3846, 116.6051, 270.218]]"
r_b52a176327007ecf7fecc62c,"[[345.1741, 311.9064, 418.3012, 389.7645]]"
r_0b8f77af76f9b12b758863d3,"[[382.1422, 467.5969, 407.6959, 502.1892]]"
r_6c058694fce0dbcfbc2329f6,"[[435.7371, 254.6967, 473.7625, 295.1411]]"
r_5ea741014c0643ef08824f98,"[[168.0599, 345.5606, 201.1263, 373.4293], [297.1303, 189.825, 361.9229, 248.1918]]"
r_e69b1ddba4b2d66497db0385,[]
r_9c81756cd3059ec6c78dca6c,"[[282.7325, 282.8004, 316.7273, 317.4618]]"
r_c4ecfacc7459a85b89d3b0e7,"[[264.5083, 329.0028, 308.6336, 370.2645]]"
r_293190cad3ce9e624c153402,"[[288.6673, 249.5368, 334.8754, 305.8277]]"
r_260e47291ccae90e492eb4a4,"[[280.8657, 334.6879, 305.692, 362.6486]]"
r_78ac36b83c8ad864b293392d,"[[224.4265, 338.7049, 274.7365, 386.9656], [49.6832, 504.7009, 95.5476, 549.8084]]"
r_891c3aac05f3866feaf026b4,"[[248.9598, 250.4841, 320.6106, 322.2803]]"
r_2a3c3403a67ec99b503f0589,"[[555.8807, 184.2631, 607.0919, 240.3588], [124.5919, 256.5563, 162.3372, 289.5375], [48.8078, 228.4148, 82.9518, 255.4117]]"
r_cc83e37fb69144e394aac827,"[[310.5304, 310.0973, 356.6755, 354.1223]]"
r_c5d816a1bc8de54a72aa207f,"[[247.6234, 420.2035, 281.5776, 448.9361]]"
r_588a477475251428fa258e86,"[[527.427, 371.0292, 573.1362, 402.5018]]"
r_d35b204c9359eca8afa4172e,"[[262.2591, 236.9791, 324.5767, 314.1107]]"
r_8c3e04ecf077076829893c3e,"[[419.7694, 46.4841, 447.9962, 72.1538]]"
r_4260cca9e1e5dd71b19461d7,"[[324.5618, 569.6352, 519.7468, 640.0], [194.9425, 267.2609, 297.6368, 403.4516], [258.9386, 144.5065, 423.211, 233.9898], [15.459, 342.3759, 42.9852, 371.3765]]"
r_8b97cde2e0613ebeb398d3c0,"[[318.9685, 272.9519, 376.7228, 355.2126], [368.2084, 162.6793, 400.5724, 200.0013], [272.3179, 259.9722, 375.6228, 364.2292]]"
r_7fc86c823f3b31fff3d33cc8,"[[332.0067, 143.13, 378.9997, 205.464], [480.6396, 239.8966, 515.3715, 271.8471]]"
r_599e6d203ea3a5032ca50842,"[[270.2909, 309.1425, 305.7828, 344.8311]]"
r_d32ceb1b6a5e6aa7d4784f9d,"[[427.0176, 342.604, 458.2338, 373.3341]]"
r_a390167901e8cf624c43ab3e,"[[302.8532, 270.9289, 368.5218, 332.3664], [379.3823, 134.454, 420.837, 174.8545], [102.103, 316.9218, 149.3694, 352.5993], [80.7409, 206.0855, 114.7964, 239.0181]]"
r_7528bf47f10e63415dce2106,"[[285.4631, 278.845, 318.5282, 308.7356]]"
r_42f1340a448d7019060e4551,"[[411.9777, 0.0, 639.9248, 146.5636]]"
r_a068e434823f2e11b1f450c3,"[[312.7236, 426.3618, 350.6758, 464.0813], [260.1485, 361.7808, 299.9928, 411.9782], [131.03, 346.5196, 162.1959, 377.5659], [275.1099, 312.4749, 310.4888, 358.0993]]"
r_9aa3aff36f7482dbf01c2760,"[[301.2394, 289.6713, 335.3611, 329.4965]]"
r_6f4e4c7ccf466b4bab0c7963,"[[214.3227, 391.552, 253.5997, 439.2647], [363.7444, 221.9896, 397.6378, 257.4774], [399.9015, 380.4455, 433.5165, 416.4082]]"
r_c419c972688566f342e9b3a4,"[[527.4188, 151.8237, 555.3466, 180.6352]]"
r_61618059ef28008f7d036dcf,"[[249.9694, 289.3169, 321.5639, 347.7494]]"
r_927fc383127c565e52948544,"[[400.9286, 145.5261, 618.0608, 382.9255]]"
r_864c7a5a94eab1426ef917e3,"[[540.5567, 430.4511, 594.0946, 481.0645]]"
r_b77920a0c0e0bf74e2934cf5,"[[344.6789, 310.8196, 365.2373, 333.8166]]"
r_f3be7c8beccb0b920233cfc4,"[[269.9945, 315.855, 304.407, 353.1882]]"
r_d5b702596db66de2c671da06,"[[291.8682, 289.6919, 319.9744, 316.1139]]"
r_2a0679d1bfe6dceabf451481,"[[255.9813, 204.2804, 324.6484, 304.9602], [458.6051, 255.6076, 486.3253, 287.8946]]"
r_95557ea89e448346137b1296,"[[289.6336, 286.3182, 320.6272, 320.3327]]"
r_291f736508d4d4d067daa0df,"[[244.9495, 167.992, 294.054, 212.0571], [309.2963, 324.7044, 352.8395, 363.7867]]"
r_b6bf3e9a657ee8ad2b94ac7d,"[[207.3103, 207.149, 445.3848, 446.5198], [124.8504, 310.9368, 280.6959, 469.5355]]"
r_28b5b13a0dc84284a4358660,"[[106.1303, 136.4792, 534.5645, 497.6983]]"
r_49925a728fea349ef5a34b57,"[[399.361, 508.1669, 423.0533, 532.9378]]"
r_a616cd1ab6b38182ba7d3fd2,"[[262.0234, 264.3945, 297.0137, 304.187]]"
r_d36363d13d7d0dd700fcc599,"[[263.9297, 292.557, 361.9236, 361.0422]]"
r_49e9738982e560baba152d08,"[[311.9838, 487.7439, 357.0604, 526.3192], [362.9775, 159.7357, 403.9021, 205.1189], [295.4712, 224.3412, 336.0263, 261.0272]]"
r_a9c9f6d205ff1d26c537c62a,"[[293.9043, 295.554, 341.5503, 336.3199]]"
r_78f62eac0cafc3ab2a262aa6,"[[262.3703, 271.1675, 336.9546, 345.7909]]"
r_ab0e50a3fabafb6497aacbcf,"[[136.1343, 0.2251, 241.5784, 101.3031], [0.0, 115.6949, 318.5966, 607.9298]]"
r_e4b53c6449ee13534e9706d2,"[[11.9957, 500.848, 150.8665, 590.8253]]"
r_384ed4292a7871e03dd74154,"[[130.4651, 231.6974, 337.7575, 442.9647]]"
r_ad33747395c7b6e645588091,"[[329.4634, 265.7278, 378.4869, 316.3398], [262.8386, 436.0994, 307.559, 473.3529], [576.135, 196.7375, 609.0646, 229.0443]]"
r_763ba4f9219b2cc35578294b,"[[277.9139, 453.4982, 314.1808, 489.852]]"
r_2e316ee6dc34efce23e8fd99,"[[266.026, 207.7695, 297.4272, 240.0169]]"
r_30f8b72f544b2578d6dde81a,"[[440.0022, 197.4355, 471.9219, 231.7423], [184.0233, 328.1181, 214.6494, 358.257]]"
r_08e6c0afc2dbb4776ee710c1,"[[321.9317, 302.8483, 361.6292, 362.0508]]"
r_c06850c6287982b6117b6dc9,"[[335.0013, 376.643, 370.5291, 402.1414]]"
r_809217a18671286f735a8b34,"[[293.8028, 314.0957, 334.2745, 353.3187]]"
r_764677476359331347154bbe,"[[309.2484, 310.1716, 341.8809, 338.59]]"
r_365ec2405732d790c6a77971,"[[235.6675, 522.3468, 271.125, 561.0879]]"
r_bd3a31cf8dec074edb82b5f2,"[[265.8401, 296.5724, 305.4758, 336.7958], [528.8698, 117.7168, 565.8883, 165.9489], [508.771, 194.4038, 544.5302, 235.7738]]"
r_ecd6270a07d8eb4a6932d7f3,"[[227.4326, 131.8306, 258.5982, 165.2061]]"
r_c11607fa2e02462365b1ddef,"[[347.1225, 408.5576, 374.5986, 435.7689]]"
r_60c2d93f8d26c1dab283ca05,"[[261.6768, 240.1416, 356.7001, 342.6813]]"
r_e6c269d0d0b41fcb87ca5358,"[[297.0656, 322.2765, 336.2346, 355.7187], [338.1626, 110.7057, 456.2513, 302.9906]]"
r_ca5d175524c4fe95dc384db6,"[[267.0929, 303.1561, 306.4829, 341.9538]]"
r_223055aa2af1e832deb31471,"[[312.4359, 451.7673, 361.6289, 506.4887]]"
r_1fe9bbb170356d4b4668e60d,"[[239.3789, 258.9072, 295.8874, 316.3311]]"
r_180a64ad747f9f89f215d0c0,"[[253.4415, 307.1531, 327.8146, 384.6341]]"
r_85effc813521d96f5fe14ecc,"[[107.9411, 72.707, 241.3232, 220.5178]]"
r_4dbacbffdec9c15a24a10dfc,"[[314.8931, 300.546, 350.8849, 346.0325]]"
r_779ac6872b0e3ebb21cf1545,"[[271.4615, 304.337, 337.1194, 380.4926]]"
